,WV,FL,IL,MN,MD,RI,ID,NH,NC,VT,CT,DE,NM,CA,NJ,WI,OR,NE,PA,WA,LA,GA,AL,UT,OH,TX,CO,SC,OK,TN,WY,ND,KY,ME,NY,NV,MI,AR,MS,MO,MT,KS,IN,SD,MA,VA,DC,IA,AZ
WV,0.0,397511.82033547503,681634.1253922243,69710.44525965973,1385752.0673502027,156179.65223654133,758.9615895168132,128829.99315145842,1711785.3476883455,98357.79121161178,362942.2904735793,421064.26025095605,5939.0942746460105,1377.313635059041,1015891.4510975617,216383.30309792355,326.23589612432284,24008.56401179751,1970522.9675593392,341.80300230307785,111604.75591302855,760182.5452847598,359944.7686519939,2365.9812049428733,2300231.176585582,73052.87191717766,12467.161264274975,815861.7757850871,56218.51573204044,788797.4778057213,2203.9048861854503,6699.230607237423,958026.3676150948,62133.22829578114,1119733.6769003328,767.5353638830344,470568.86696555885,137281.75628276102,174456.20306647473,235781.5463623697,1333.5772019397868,43890.93276553165,935939.6022181824,11515.287931115194,366856.88677662035,2297364.422121689,498203.02361725504,115851.5375779692,3212.7995812589083
FL,397511.82033547503,0.0,514770.94564324484,37774.47840686244,524446.1765970759,63791.63589984496,1390.772965633793,42127.943852334225,2030004.7852350401,29068.38535666069,134627.40899552204,182955.39375259305,28506.01655037369,5362.546744023082,387828.6340414955,94560.72737540999,720.8303758911267,34704.965667698,492226.25940190937,564.7421725045981,1161741.2253543264,5073109.721301147,2407890.245461607,6794.799187261328,632277.205750189,552683.2671196631,32337.222519223742,2452960.874367506,203373.8452810556,1482004.9128904066,3728.951751244609,4985.355427126873,829138.2498086463,20754.03863997378,292948.4808288425,2387.547402459305,141188.31258332334,506354.44136683794,1166969.890718673,367537.74221534806,1607.56769745624,95728.34153957322,495593.4877930425,11626.560046965462,140013.42760495495,1065823.1193824972,182808.2466255872,98742.78945555743,15967.351162774137
IL,681634.1253922243,514770.94564324484,0.0,933457.7296303605,543377.2434786827,72463.7909585024,14254.278755227038,72997.8300836857,874068.6314058366,60850.10997926678,171910.09545211607,165674.72591043924,86512.52255259141,23681.867172645776,432771.345156573,2224460.2842496857,6108.173094019493,450138.9975829949,1031007.0566221585,6384.145997840176,578523.6830563735,1031148.6523590167,980045.98348021,42209.63083914191,2922450.23492432,728255.9911747569,219912.47707033914,639225.7760578686,741110.1184470485,2396228.6217732984,41381.04040269821,107656.6957223865,2426682.6318939147,37789.161194889566,704875.6751955176,13712.838262638925,2230032.9221033086,1203079.461745619,790568.061563418,3610152.6555154608,24282.849276859964,743198.9984307232,4905274.14667622,208306.30303336045,178807.46479403652,904194.4796497885,194705.6043206704,2105457.7549632145,49196.748343148436
MN,69710.44525965973,37774.47840686244,933457.7296303605,0.0,65696.22260871183,12963.908305952036,32483.83463215274,16919.936207973016,74349.4261365844,14980.99830319602,30379.87002092958,20802.6403618976,43093.82023848471,27655.0224219604,62578.59927417171,1864404.0138453029,13088.356596615346,472890.977229302,155317.9561067885,18431.220317107025,59535.88513148121,75201.30158560649,74676.75911354514,50366.58931968078,353109.294405728,154390.51594507002,196617.75133544992,48819.23701727036,179601.9999357988,174965.4668473675,77324.65332445658,500648.4828751107,183932.37011278007,10544.986483270959,148500.48368108275,18356.38007032847,1096245.5163225082,138456.02768010518,69178.30945182763,514381.5107341038,79198.35520549171,316263.62289150705,441801.7821278182,512153.25241483253,34204.23536311176,89297.00922759676,23202.390966722982,1120068.9094808176,33377.39124852954
MD,1385752.0673502027,524446.1765970759,543377.2434786827,65696.22260871183,0.0,652815.1708549707,610.5421284132894,479353.23297121207,2681896.065102435,340621.4837837232,1472467.6973613414,1876452.471938328,4606.951715513046,1065.375579030708,4309835.53166547,207633.0446795536,259.5946141925052,19129.019916234207,4819082.2113976395,280.4364342391222,97392.33371109985,829181.1083688858,331463.67852440843,1839.381124393282,2094016.285566763,58822.532446198595,9681.61701949291,1050466.4506486855,43671.354343112274,644559.1852381375,1765.70310300794,6023.419454016235,747063.1527472531,231197.98792700697,3371322.0977229783,596.6273568268894,529840.6416043247,108795.80283985387,150153.45000315265,182454.27332063133,1123.1339737651429,34000.31038847883,751460.6307169653,9654.182986837128,1489547.6626081541,4021151.888761349,1917364.9184553127,95361.19314731707,2487.197322289041
RI,156179.65223654133,63791.63589984496,72463.7909585024,12963.908305952036,652815.1708549707,0.0,91.66949918072015,653488.459807904,302588.76902967895,379464.08375145483,1518366.0414366745,328131.8245829131,533.5744468252844,134.0665516855064,1405485.6722266953,39566.45884239757,37.8532157876932,2695.7430667246313,912498.136316214,45.076672027083426,10293.889627550267,90307.25225573778,35074.94953983939,239.88570823916055,291670.53936871025,6366.388121297189,1245.1201066365247,117733.33241882297,5004.223790094249,69371.49558921768,258.3643167634204,1138.7643209147814,83755.28407649117,351829.42815981474,1744632.8103736062,78.09112703828612,118816.62640354884,11957.937334204027,15893.144103123106,22304.767321544587,189.6562308134153,4249.931704627512,98625.89021764166,1558.9162600203836,2345067.0266403644,427111.4069818073,203766.49029206028,14176.640493500792,292.25550400718924
ID,758.9615895168132,1390.772965633793,14254.278755227038,32483.83463215274,610.5421284132894,91.66949918072015,0.0,107.59850573049926,1057.4986650933631,93.94160532090824,217.33082845985487,186.87175479041028,62148.64001055646,793283.1880272949,506.45373411179685,12762.55123078051,740877.6769995567,61729.669471872025,1248.4300234129782,744425.7741103614,5062.18950274053,1956.110210337052,2673.4456830244917,460407.67889947613,3401.044148391522,49007.773069160976,242072.61847369125,914.5241363500489,26887.197502241845,4008.0414000039273,198189.46601358376,43871.58695927282,3030.875684633629,63.07134172803376,1000.4193164134745,496327.26406057953,6871.107233379503,8112.508227615026,3516.8125916677122,17501.877091971244,350379.6205536731,40994.51737253172,5485.803098279767,51147.5656322455,234.33285920812645,1013.6525291568258,218.42278091987617,20776.000016216407,181841.6973335522
NH,128829.99315145842,42127.943852334225,72997.8300836857,16919.936207973016,479353.23297121207,653488.459807904,107.59850573049926,0.0,210058.16665701597,717369.1097413119,1119513.073993021,227703.69569841545,502.7510949189441,138.7177089875094,1007263.8111512252,49252.69486154315,43.84788391806588,2951.1292617949925,831967.1890128896,55.59808149658043,8036.428564438849,64381.76850008261,26588.796984561715,253.63841383054165,281009.34616689064,5422.861482552599,1290.5142108595728,81842.77510150506,4596.7297777106505,56852.43735593767,295.0532896033459,1488.7200468037938,71919.59250943651,661553.0753007744,2091821.717798716,83.25816687145395,154215.96501876778,10318.464259914721,12542.662459215433,21452.49313083264,237.5946990620863,4241.190477182198,96132.84743489117,1862.7201065568925,1958649.6158243474,313469.6357808275,151301.7715256791,15698.446654760477,281.36254657192944
NC,1711785.3476883455,2030004.7852350401,874068.6314058366,74349.4261365844,2681896.065102435,302588.76902967895,1057.4986650933631,210058.16665701597,0.0,147894.33054374505,660255.1168952722,906298.9873929025,11507.939969731802,2376.7148290814857,1932076.6883486495,223938.8666180149,473.56554896969413,33312.88707466776,2485338.476863227,456.2752564469396,321225.6484195925,3098207.1447371547,1118081.1337837195,3808.854935557975,2257534.881271116,171513.35074018684,20001.624531547048,4058299.600533361,107291.84674340737,1703188.2621753158,3071.36074621381,7568.9059231863885,1565898.374277672,101953.96468582955,1505357.3902226032,1246.1425842769888,454178.6528964579,288549.8519533299,475602.880071778,369133.71027859254,1670.3706664418473,70471.26598042769,1120922.206196154,14243.911245743227,675209.9449465827,5431660.059187878,938400.0396727984,143752.25480856304,6131.6257215958485
VT,98357.79121161178,29068.38535666069,60850.10997926678,14980.99830319602,340621.4837837232,379464.08375145483,93.94160532090824,717369.1097413119,147894.33054374505,0.0,712746.5635124726,156023.94602984196,414.50800936052156,117.8057586232505,688561.1040727459,43207.71516889946,38.207607463385166,2531.3534737922555,646408.7667192712,48.98215233813979,6126.928064113612,46503.058425728275,19897.64939695609,216.33754515009815,228383.53196694207,4305.580146118213,1093.698388298872,57998.93086038021,3746.167644582662,43960.994857342565,255.95649395981656,1319.9762446020466,56518.040729684384,396305.33522013994,1718044.794050498,71.21342862690193,135920.52606326673,8197.629652427684,9588.686889234386,17687.911356290108,209.63661522961777,3548.347815593843,79038.06141024489,1627.9976106360082,1123197.1245851375,226014.22497425665,108324.48045826312,13465.894001590872,233.8455586739447
CT,362942.2904735793,134627.40899552204,171910.09545211607,30379.87002092958,1472467.6973613414,1518366.0414366745,217.33082845985487,1119513.073993021,660255.1168952722,712746.5635124726,0.0,721071.9280591035,1257.5042414715347,318.01635201622094,3163288.6999535062,93142.36606464717,89.80409612979051,6401.776290253561,2161652.3250381323,106.54331070455352,23425.136680322303,199140.53135234085,79181.1285240191,569.4873227143997,691286.0615697115,14784.43671364983,2954.527445512519,256707.9849235654,11767.407271985086,160264.60874317266,613.1107321700281,2671.2372436432356,195521.89883624023,555018.1197371919,4002454.987843662,185.41097563373714,277663.6197490399,27872.08448915793,36305.12271591274,52739.94332709522,447.43634517850506,10069.7258632551,233685.6480668125,3689.6382484735245,3637895.102749511,958701.1730431162,461384.4348104142,33655.44039170628,690.074366439981
DE,421064.26025095605,182955.39375259305,165674.72591043924,20802.6403618976,1876452.471938328,328131.8245829131,186.87175479041028,227703.69569841545,906298.9873929025,156023.94602984196,721071.9280591035,0.0,1403.1238814872743,323.62865054453533,2098463.3426384185,65750.31666202942,79.27068951902457,5838.864755914843,1667001.345689237,86.25545193048421,30640.526533202315,272054.32244434353,105167.82790446214,559.0330564648813,645372.4811882946,18130.145966370346,2941.9555736322177,352335.11694655585,13306.069303082435,198537.45856846872,539.7986264974456,1890.6525435552858,227634.4443276231,111152.97840026948,1401183.0165906115,181.32924305928904,172954.69089452285,33340.87545305618,46983.02474444344,55424.078998149664,347.4355953159413,10328.805400391813,229170.8798648619,2979.649744043228,736786.9486491164,1278109.2386348774,582767.0004770295,29274.407937616736,756.8828625934855
NM,5939.0942746460105,28506.01655037369,86512.52255259141,43093.82023848471,4606.951715513046,533.5744468252844,62148.64001055646,502.7510949189441,11507.939969731802,414.50800936052156,1257.5042414715347,1403.1238814872743,0.0,397891.405663185,3385.078193489702,32592.278470185178,43722.70497073209,178094.5155172966,7521.37069392991,27030.98585750609,114279.91135571209,29901.14470420282,43732.51046814838,413146.47313630447,21032.691041620044,1441117.2023369176,982157.3095984581,11918.64721830159,417234.1633869621,46169.73575104654,94145.05608255108,22581.417918928913,27772.63478577125,256.47365406218955,4837.938448790388,168316.5946525202,19815.3431823438,120082.58378099048,62418.23835396205,144182.9661806989,34073.73679948348,321360.0310567243,35485.793099006994,58014.00916959934,1286.9654880217652,8962.87657764817,1656.80531347571,76353.60484209028,1127996.6860838453
CA,1377.313635059041,5362.546744023082,23681.867172645776,27655.0224219604,1065.375579030708,134.0665516855064,793283.1880272949,138.7177089875094,2376.7148290814857,117.8057586232505,318.01635201622094,323.62865054453533,397891.405663185,0.0,813.5941612652284,13695.549945353345,1844435.4441541252,89013.23257899749,1908.9540114005977,830754.1964910784,21488.84636556599,5760.4783056148035,8389.693031399438,1716716.0020779243,5418.846229117732,278093.45336444286,619912.7362861622,2359.282750672605,86861.37911078609,9643.698664347368,199564.83897303572,28756.16610297825,6229.410774113765,74.7422195115553,1335.5828759082647,4512775.184528304,7485.840289929219,24134.06227380941,11899.550070174044,35938.83319570399,164521.12055088664,91869.04443105214,9199.951623081917,47871.24960403547,331.1863760951344,1973.4041158038171,382.8673446289319,28247.132154432515,2330253.068861036
NJ,1015891.4510975617,387828.6340414955,432771.345156573,62578.59927417171,4309835.53166547,1405485.6722266953,506.45373411179685,1007263.8111512252,1932076.6883486495,688561.1040727459,3163288.6999535062,2098463.3426384185,3385.078193489702,813.5941612652284,0.0,196575.97825528018,212.19196816795053,15501.911727009636,5214732.482035578,239.49891752624646,68018.99084186365,584688.2503826184,231262.89893568974,1430.4570413017007,1739638.4176590403,41729.99432637976,7490.537013137643,751640.8638291698,31959.384329553533,456270.662461967,1450.923658841127,5584.594383465951,542619.6641176102,490171.5621787572,5776332.799510272,464.3357257660732,548065.3998467171,77912.75980403509,105036.72207940971,138393.99429025,984.1712800448553,26005.180872175937,596469.8841857775,8337.114692610348,3207409.039397365,2810290.7862426843,1346499.1793081027,79731.62353069702,1839.4897318275023
WI,216383.30309792355,94560.72737540999,2224460.2842496857,1864404.0138453029,207633.0446795536,39566.45884239757,12762.55123078051,49252.69486154315,223938.8666180149,43207.71516889946,93142.36606464717,65750.31666202942,32592.278470185178,13695.549945353345,196575.97825528018,0.0,5171.22924049146,297377.85324158956,488913.806807257,6629.420501135188,105503.37048160657,195898.3095325928,171857.36579354084,25575.588161519685,1103745.1823130636,179346.173508117,118023.5468182756,138888.47046965925,205779.7144619259,437031.8482053384,33888.194227472864,167331.89637984723,502463.4514590396,29090.4758164399,447250.6213134637,8708.523233049473,3163891.7968584457,234759.64269150826,138681.141391077,848498.0898681617,28154.893948724308,292001.89819819207,1256634.8129689395,221105.56200628175,103289.89503640252,277619.39961971866,73304.31980757129,1390403.16408811,21313.831972553755
OR,326.23589612432284,720.8303758911267,6108.173094019493,13088.356596615346,259.5946141925052,37.8532157876932,740877.6769995567,43.84788391806588,473.56554896969413,38.207607463385166,89.80409612979051,79.27068951902457,43722.70497073209,1844435.4441541252,212.19196816795053,5171.22924049146,0.0,26614.14251140295,520.568239710123,1901585.8264212878,2772.454452737139,941.6616239638394,1319.2313029544657,330259.9803503196,1433.4056503886177,30697.247150267864,127492.39794020342,423.8228289834826,13953.767942746805,1845.59441250422,84331.41646840647,17941.557908749095,1344.3163651180234,25.5288070625835,409.7125519422397,722248.642148377,2780.931095566346,4014.238308284755,1786.4674171611853,7896.045014794269,154723.92381829454,19375.79334700039,2343.0146769054504,20737.210283754408,96.37538832721742,440.47607370055954,92.96892114857258,8686.771988722567,182780.58814122752
NE,24008.56401179751,34704.965667698,450138.9975829949,472890.977229302,19129.019916234207,2695.7430667246313,61729.669471872025,2951.1292617949925,33312.88707466776,2531.3534737922555,6401.776290253561,5838.864755914843,178094.5155172966,89013.23257899749,15501.911727009636,297377.85324158956,26614.14251140295,0.0,37721.19331410634,26848.507293619634,98397.13470128588,55838.900899072134,71440.39365299334,165759.53869651092,105069.04733597356,472316.2914868124,773411.60193983,27824.43585116258,477691.89212547924,121594.97505229925,179648.13524852652,194070.55829708194,95775.24838963717,1625.1780642261158,28174.21291200881,55091.14332179958,164471.53759525027,201201.10384537184,85580.64523661055,536063.2450765755,90312.2442896984,939783.546413548,172681.97633502385,542465.6281968263,6778.20959671805,32195.152335846073,6851.479124409316,614935.8811306282,134343.2235345027
PA,1970522.9675593392,492226.25940190937,1031007.0566221585,155317.9561067885,4819082.2113976395,912498.136316214,1248.4300234129782,831967.1890128896,2485338.476863227,646408.7667192712,2161652.3250381323,1667001.345689237,7521.37069392991,1908.9540114005977,5214732.482035578,488913.806807257,520.568239710123,37721.19331410634,0.0,594.9387962935248,123188.31241840313,873717.4463167936,395675.3109204247,3403.8231152010317,4155833.617151778,84650.08397279533,17710.836148376115,1025068.4388637823,69976.00995633291,883480.6611277933,3560.7991182776996,13902.589418775555,1123955.820771026,404417.8468726428,7381014.059119517,1106.8569415410984,1334354.5409100703,160930.37356611076,192844.22546124642,316953.1890188813,2451.832135180149,60558.02529091143,1405364.1176636338,20718.12271988524,2224249.553120697,3949421.866899927,1631409.4399900043,196049.46451040867,4141.40052011794
WA,341.80300230307785,564.7421725045981,6384.145997840176,18431.220317107025,280.4364342391222,45.076672027083426,744425.7741103614,55.59808149658043,456.2752564469396,48.98215233813979,106.54331070455352,86.25545193048421,27030.98585750609,830754.1964910784,239.49891752624646,6629.420501135188,1901585.8264212878,26848.507293619634,594.9387962935248,0.0,2049.5233225286274,807.9991697216309,1094.465913281734,209270.49222120116,1577.0221477144423,20305.091178342926,98098.84556911158,384.9116865211269,10889.67622101178,1687.6630370777664,84407.07298625453,27780.058375052955,1312.5972060533488,34.061742903823536,503.93761875107987,361005.6416163426,3631.2390382530493,3311.5729902311623,1430.0626426399483,7423.596283112001,252291.87323184632,16875.052133246798,2477.9872878880815,25460.686439615347,116.70676009312957,450.9103017519711,100.12757837584181,9610.494477876517,96322.4841081713
LA,111604.75591302855,1161741.2253543264,578523.6830563735,59535.88513148121,97392.33371109985,10293.889627550267,5062.18950274053,8036.428564438849,321225.6484195925,6126.928064113612,23425.136680322303,30640.526533202315,114279.91135571209,21488.84636556599,68018.99084186365,105503.37048160657,2772.454452737139,98397.13470128588,123188.31241840313,2049.5233225286274,0.0,1033738.2916938377,1443460.7462122391,26569.97139303656,273917.59971051494,2173116.417735707,120511.00781151203,377629.66753369936,730015.5579249782,949341.8695534205,12683.483820178923,11097.300709412308,462368.94262458634,3869.265950971435,70532.93580644265,9498.000274743445,103944.6907776129,1294855.7057849597,1889527.7766714238,709667.864959414,5000.597978913506,299953.98261341837,359257.89367912035,29144.483954452666,23637.56097426315,206908.82459942368,34832.31919391044,173896.25212972754,63595.10577334851
GA,760182.5452847598,5073109.721301147,1031148.6523590167,75201.30158560649,829181.1083688858,90307.25225573778,1956.110210337052,64381.76850008261,3098207.1447371547,46503.058425728275,199140.53135234085,272054.32244434353,29901.14470420282,5760.4783056148035,584688.2503826184,195898.3095325928,941.6616239638394,55838.900899072134,873717.4463167936,807.9991697216309,1033738.2916938377,0.0,3430923.936414802,8357.923598202442,1304626.9774404154,506318.44702098815,42406.00499241177,3839295.762934932,256979.85559498137,2947210.4829398277,5506.2123158093455,9205.291421957016,1742278.0153997166,31034.342536318076,501347.73356912547,2807.166221422366,298006.71819575975,700525.7290788123,1410037.6220541443,633302.2765547397,2581.44393245755,140177.96734350862,1040184.5914035694,20231.9337669171,202603.5417610469,1771357.0834974397,293392.7085498776,185892.96273961838,16046.03270014581
AL,359944.7686519939,2407890.245461607,980045.98348021,74676.75911354514,331463.67852440843,35074.94953983939,2673.4456830244917,26588.796984561715,1118081.1337837195,19897.64939695609,79181.1285240191,105167.82790446214,43732.51046814838,8389.693031399438,231262.89893568974,171857.36579354084,1319.2313029544657,71440.39365299334,395675.3109204247,1094.465913281734,1443460.7462122391,3430923.936414802,0.0,11934.890786891392,765777.963310861,735874.464898235,59712.982644351054,1298604.9994618355,368661.4694635945,2569063.1909675607,7382.5895293450085,10351.196808803343,1252503.453279946,12770.971345612226,224711.885423244,4039.653364548987,217018.28164187673,989005.3481660478,2063638.062104042,766748.8620341661,3292.866403704521,190185.34557329502,807412.5403488101,24253.32207734116,79991.11662917574,708650.7394365083,118291.08909976196,202366.6878741157,23489.323447035764
UT,2365.9812049428733,6794.799187261328,42209.63083914191,50366.58931968078,1839.381124393282,239.88570823916055,460407.67889947613,253.63841383054165,3808.854935557975,216.33754515009815,569.4873227143997,559.0330564648813,413146.47313630447,1716716.0020779243,1430.4570413017007,25575.588161519685,330259.9803503196,165759.53869651092,3403.8231152010317,209270.49222120116,26569.97139303656,8357.923598202442,11934.890786891392,0.0,9636.001439947198,297307.1185066273,1094133.2061838459,3600.4085419430057,128159.35766460857,15317.364688888241,328780.0985908555,46810.22300019508,10412.375709087883,137.97889361525517,2435.3835963187053,1039891.871026501,13973.476610789661,35927.584101027634,16480.12372992412,61341.1199854222,170040.20039072732,157189.6794989053,16271.59285648648,86727.53080123418,596.4758582511545,3312.575828667954,660.5053277588825,52319.192653156926,1187928.2375894682
OH,2300231.176585582,632277.205750189,2922450.23492432,353109.294405728,2094016.285566763,291670.53936871025,3401.044148391522,281009.34616689064,2257534.881271116,228383.53196694207,691286.0615697115,645372.4811882946,21032.691041620044,5418.846229117732,1739638.4176590403,1103745.1823130636,1433.4056503886177,105069.04733597356,4155833.617151778,1577.0221477144423,273917.59971051494,1304626.9774404154,765777.963310861,9636.001439947198,0.0,219545.3041361581,50234.40917991061,1199513.5111664736,192970.0397844988,1963699.2318467507,9789.862274029698,33267.22998325014,2663256.6154431957,140744.75816187955,2683672.593879836,3131.0160879601876,2370475.528343137,416217.56603454356,426048.2028778232,893899.8259166507,6327.286659391008,171871.76406598545,3987938.5999910296,54397.96949818593,714721.770984054,2963597.649013492,746108.4855323946,534557.8815250873,11664.106935151049
TX,73052.87191717766,552683.2671196631,728255.9911747569,154390.51594507002,58822.532446198595,6366.388121297189,49007.773069160976,5422.861482552599,171513.35074018684,4305.580146118213,14784.43671364983,18130.145966370346,1441117.2023369176,278093.45336444286,41729.99432637976,179346.173508117,30697.247150267864,472316.2914868124,84650.08397279533,20305.091178342926,2173116.417735707,506318.44702098815,735874.464898235,297307.1185066273,219545.3041361581,0.0,1103347.726918063,191056.39750150155,3379105.7061878606,630673.8892625264,101231.27933149693,46771.23211490586,338821.2209256823,2659.9263968047353,50579.16970045274,114725.35382152266,132492.01313145278,1581595.9530266724,1051723.8989667685,1208785.0302995709,36343.90411991844,1382126.982760113,344841.6876631384,130806.17532754684,14953.762765223379,120865.1018793715,21124.730358384055,394777.31806090864,839781.1540446926
CO,12467.161264274975,32337.222519223742,219912.47707033914,196617.75133544992,9681.61701949291,1245.1201066365247,242072.61847369125,1290.5142108595728,20001.624531547048,1093.698388298872,2954.527445512519,2941.9555736322177,982157.3095984581,619912.7362861622,7490.537013137643,118023.5468182756,127492.39794020342,773411.60193983,17710.836148376115,98098.84556911158,120511.00781151203,42406.00499241177,59712.982644351054,1094133.2061838459,50234.40917991061,1103347.726918063,0.0,18656.167124329844,629384.3539402232,80074.9804169968,517774.300242261,127117.87145034994,54931.02716264013,691.054673644823,12432.49187403746,355258.13844105747,66181.82892694772,181549.36896415768,80777.91635892102,323682.7978686022,183426.47708588152,829323.6683494218,85091.96617426754,305476.3347827326,3081.8174690644537,17480.379585183062,3477.166118673723,257227.7696276245,979335.9739118128
SC,815861.7757850871,2452960.874367506,639225.7760578686,48819.23701727036,1050466.4506486855,117733.33241882297,914.5241363500489,81842.77510150506,4058299.600533361,57998.93086038021,256707.9849235654,352335.11694655585,11918.64721830159,2359.282750672605,751640.8638291698,138888.47046965925,423.8228289834826,27824.43585116258,1025068.4388637823,384.9116865211269,377629.66753369936,3839295.762934932,1298604.9994618355,3600.4085419430057,1199513.5111664736,191056.39750150155,18656.167124329844,0.0,107460.72735767474,1575971.3803743343,2627.2679052125336,5378.887020880212,1184828.9409695074,39667.525212919485,603307.131036469,1191.3929947983427,246970.93270406485,294397.0940512307,537929.3359711419,318775.15085591207,1323.9352501838619,64262.56267350621,744760.6101582701,10944.933553239687,262501.1597241174,2197123.449460203,369184.5786036876,107297.18376632416,6358.636920128327
OK,56218.51573204044,203373.8452810556,741110.1184470485,179601.9999357988,43671.354343112274,5004.223790094249,26887.197502241845,4596.7297777106505,107291.84674340737,3746.167644582662,11767.407271985086,13306.069303082435,417234.1633869621,86861.37911078609,31959.384329553533,205779.7144619259,13953.767942746805,477691.89212547924,69976.00995633291,10889.67622101178,730015.5579249782,256979.85559498137,368661.4694635945,128159.35766460857,192970.0397844988,3379105.7061878606,629384.3539402232,107460.72735767474,0.0,433966.9865933949,68785.90236110704,48273.034217955916,263374.81236122263,2309.9814176687987,43951.039824082945,43250.69938876835,144317.7235718967,1097938.4125898336,506623.1663485098,1263485.1557386427,26851.349000698676,1489082.8825173806,320551.02806492173,133541.96962483556,12004.282934115106,84988.36231801737,15705.507017217786,461104.8639496998,223734.3354227832
TN,788797.4778057213,1482004.9128904066,2396228.6217732984,174965.4668473675,644559.1852381375,69371.49558921768,4008.0414000039273,56852.43735593767,1703188.2621753158,43960.994857342565,160264.60874317266,198537.45856846872,46169.73575104654,9643.698664347368,456270.662461967,437031.8482053384,1845.59441250422,121594.97505229925,883480.6611277933,1687.6630370777664,949341.8695534205,2947210.4829398277,2569063.1909675607,15317.364688888241,1963699.2318467507,630673.8892625264,80074.9804169968,1575971.3803743343,433966.9865933949,0.0,11520.878894657748,21511.13739067385,3311026.614799874,27505.827350980733,509741.8596461608,5027.713216628692,582360.1702120209,1146582.947860819,1486193.001574908,1395563.270898383,5723.866433814216,279281.74557761266,2163875.077580214,46284.907257228944,161816.74847100233,1314677.0222220828,231462.62384914287,434824.581494948,24634.357951820628
WY,2203.9048861854503,3728.951751244609,41381.04040269821,77324.65332445658,1765.70310300794,258.3643167634204,198189.46601358376,295.0532896033459,3071.36074621381,255.95649395981656,613.1107321700281,539.7986264974456,94145.05608255108,199564.83897303572,1450.923658841127,33888.194227472864,84331.41646840647,179648.13524852652,3560.7991182776996,84407.07298625453,12683.483820178923,5506.2123158093455,7382.5895293450085,328780.0985908555,9789.862274029698,101231.27933149693,517774.300242261,2627.2679052125336,68785.90236110704,11520.878894657748,0.0,81448.55642228315,8812.25153383276,168.52838517958406,2776.48218899042,135109.54458828186,18197.32453726548,22132.951963483003,9459.840479139033,50570.55797639219,204349.32075842816,113970.10029966646,15904.129290229883,132342.3809343122,656.1555314284225,2948.972639170419,631.9945895566879,59416.89096774683,144991.01341902322
ND,6699.230607237423,4985.355427126873,107656.6957223865,500648.4828751107,6023.419454016235,1138.7643209147814,43871.58695927282,1488.7200468037938,7568.9059231863885,1319.9762446020466,2671.2372436432356,1890.6525435552858,22581.417918928913,28756.16610297825,5584.594383465951,167331.89637984723,17941.557908749095,194070.55829708194,13902.589418775555,27780.058375052955,11097.300709412308,9205.291421957016,10351.196808803343,46810.22300019508,33267.22998325014,46771.23211490586,127117.87145034994,5378.887020880212,48273.034217955916,21511.13739067385,81448.55642228315,0.0,20408.05080575896,941.6938025731793,13030.191290276944,19698.556030876818,96177.27603618908,24726.688223407098,10999.067841151618,82425.9085303283,118558.9219132516,95109.30814849085,45792.87212592967,317037.82068404363,3001.2444651204078,8596.65689719142,2134.2665411729067,161828.5607753255,23552.43033567583
KY,958026.3676150948,829138.2498086463,2426682.6318939147,183932.37011278007,747063.1527472531,83755.28407649117,3030.875684633629,71919.59250943651,1565898.374277672,56518.040729684384,195521.89883624023,227634.4443276231,27772.63478577125,6229.410774113765,542619.6641176102,502463.4514590396,1344.3163651180234,95775.24838963717,1123955.820771026,1312.5972060533488,462368.94262458634,1742278.0153997166,1252503.453279946,10412.375709087883,2663256.6154431957,338821.2209256823,54931.02716264013,1184828.9409695074,263374.81236122263,3311026.614799874,8812.25153383276,20408.05080575896,0.0,35073.953161986174,660788.589997337,3386.293041868276,749923.0296171764,642006.8550446926,720527.0901437842,1040216.2476423511,4775.910009029319,194593.1896762807,2690041.122329634,40385.07956356046,198123.79590937638,1427321.5938440263,268663.4103602204,403110.24955758237,14963.692195904858
ME,62133.22829578114,20754.03863997378,37789.161194889566,10544.986483270959,231197.98792700697,351829.42815981474,63.07134172803376,661553.0753007744,101953.96468582955,396305.33522013994,555018.1197371919,111152.97840026948,256.47365406218955,74.7422195115553,490171.5621787572,29090.4758164399,25.5288070625835,1625.1780642261158,404417.8468726428,34.061742903823536,3869.265950971435,31034.342536318076,12770.971345612226,137.97889361525517,140744.75816187955,2659.9263968047353,691.054673644823,39667.525212919485,2309.9814176687987,27505.827350980733,168.52838517958406,941.6938025731793,35073.953161986174,0.0,1058998.9567375423,45.645485758239545,92498.19837972903,5064.774389347167,6043.7126598312725,10935.263622026157,146.35075310202544,2212.4428649959173,48789.45022262609,1091.4989362623544,1038158.4583341636,150908.652298903,72864.77555892826,8625.93164045199,145.3127062435753
NY,1119733.6769003328,292948.4808288425,704875.6751955176,148500.48368108275,3371322.0977229783,1744632.8103736062,1000.4193164134745,2091821.717798716,1505357.3902226032,1718044.794050498,4002454.987843662,1401183.0165906115,4837.938448790388,1335.5828759082647,5776332.799510272,447250.6213134637,409.7125519422397,28174.21291200881,7381014.059119517,503.93761875107987,70532.93580644265,501347.73356912547,224711.885423244,2435.3835963187053,2683672.593879836,50579.16970045274,12432.49187403746,603307.131036469,43951.039824082945,509741.8596461608,2776.48218899042,13030.191290276944,660788.589997337,1058998.9567375423,0.0,797.9102404234028,1364667.4080001223,96285.16246788861,110507.77753250544,206520.5636716522,2136.5867197757157,40958.124036642934,924657.7462415159,17221.60633345093,4652952.8480966,2367978.0484955665,1093132.6907194997,149691.35707267717,2714.626844763705
NV,767.5353638830344,2387.547402459305,13712.838262638925,18356.38007032847,596.6273568268894,78.09112703828612,496327.26406057953,83.25816687145395,1246.1425842769888,71.21342862690193,185.41097563373714,181.32924305928904,168316.5946525202,4512775.184528304,464.3357257660732,8708.523233049473,722248.642148377,55091.14332179958,1106.8569415410984,361005.6416163426,9498.000274743445,2807.166221422366,4039.653364548987,1039891.871026501,3131.0160879601876,114725.35382152266,355258.13844105747,1191.3929947983427,43250.69938876835,5027.713216628692,135109.54458828186,19698.556030876818,3386.293041868276,45.645485758239545,797.9102404234028,0.0,4720.60321585678,12031.067179195796,5638.131111780849,19919.976915579904,110327.64175286198,51087.840426957184,5282.299585089642,31748.550408779734,194.51501090719898,1076.2218436866165,214.24483064890103,17292.357503180774,782680.2608647826
MI,470568.86696555885,141188.31258332334,2230032.9221033086,1096245.5163225082,529840.6416043247,118816.62640354884,6871.107233379503,154215.96501876778,454178.6528964579,135920.52606326673,277663.6197490399,172954.69089452285,19815.3431823438,7485.840289929219,548065.3998467171,3163891.7968584457,2780.931095566346,164471.53759525027,1334354.5409100703,3631.2390382530493,103944.6907776129,298006.71819575975,217018.28164187673,13973.476610789661,2370475.528343137,132492.01313145278,66181.82892694772,246970.93270406485,144317.7235718967,582360.1702120209,18197.32453726548,96177.27603618908,749923.0296171764,92498.19837972903,1364667.4080001223,4720.60321585678,0.0,209598.70868348525,149498.86289577003,674214.4229343438,15525.603180387947,181078.92044982107,1823714.0739935117,118878.1898639098,314344.9745409619,622503.4880944598,185064.12392150634,831124.751442595,12358.633108276252
AR,137281.75628276102,506354.44136683794,1203079.461745619,138456.02768010518,108795.80283985387,11957.937334204027,8112.508227615026,10318.464259914721,288549.8519533299,8197.629652427684,27872.08448915793,33340.87545305618,120082.58378099048,24134.06227380941,77912.75980403509,234759.64269150826,4014.238308284755,201201.10384537184,160930.37356611076,3311.5729902311623,1294855.7057849597,700525.7290788123,989005.3481660478,35927.584101027634,416217.56603454356,1581595.9530266724,181549.36896415768,294397.0940512307,1097938.4125898336,1146582.947860819,22132.951963483003,24726.688223407098,642006.8550446926,5064.774389347167,96285.16246788861,12031.067179195796,209598.70868348525,0.0,1277093.8061551885,1644790.8218860321,9475.351434689463,569310.1774612775,634987.6177763797,62915.234762743195,28232.002752105487,218664.7089148781,39104.3069008236,404416.8654994521,63972.41971769059
MS,174456.20306647473,1166969.890718673,790568.061563418,69178.30945182763,150153.45000315265,15893.144103123106,3516.8125916677122,12542.662459215433,475602.880071778,9588.686889234386,36305.12271591274,46983.02474444344,62418.23835396205,11899.550070174044,105036.72207940971,138681.141391077,1786.4674171611853,85580.64523661055,192844.22546124642,1430.0626426399483,1889527.7766714238,1410037.6220541443,2063638.062104042,16480.12372992412,426048.2028778232,1051723.8989667685,80777.91635892102,537929.3359711419,506623.1663485098,1486193.001574908,9459.840479139033,10999.067841151618,720527.0901437842,6043.7126598312725,110507.77753250544,5638.131111780849,149498.86289577003,1277093.8061551885,0.0,806034.5381761753,4018.202405252394,242249.13631343417,536568.9792054471,27274.005528329566,36627.52318320477,317114.06344936456,53759.62724660319,198382.00531117534,33605.85300064416
MO,235781.5463623697,367537.74221534806,3610152.6555154608,514381.5107341038,182454.27332063133,22304.767321544587,17501.877091971244,21452.49313083264,369133.71027859254,17687.911356290108,52739.94332709522,55424.078998149664,144182.9661806989,35938.83319570399,138393.99429025,848498.0898681617,7896.045014794269,536063.2450765755,316953.1890188813,7423.596283112001,709667.864959414,633302.2765547397,766748.8620341661,61341.1199854222,893899.8259166507,1208785.0302995709,323682.7978686022,318775.15085591207,1263485.1557386427,1395563.270898383,50570.55797639219,82425.9085303283,1040216.2476423511,10935.263622026157,206520.5636716522,19919.976915579904,674214.4229343438,1644790.8218860321,806034.5381761753,0.0,25020.433613495203,1144527.6454961814,1513960.3354986745,194025.27323893417,54262.47479020792,332307.1894871049,65566.90787054833,1498575.989261769,80310.69351858414
MT,1333.5772019397868,1607.56769745624,24282.849276859964,79198.35520549171,1123.1339737651429,189.6562308134153,350379.6205536731,237.5946990620863,1670.3706664418473,209.63661522961777,447.43634517850506,347.4355953159413,34073.73679948348,164521.12055088664,984.1712800448553,28154.893948724308,154723.92381829454,90312.2442896984,2451.832135180149,252291.87323184632,5000.597978913506,2581.44393245755,3292.866403704521,170040.20039072732,6327.286659391008,36343.90411991844,183426.47708588152,1323.9352501838619,26851.349000698676,5723.866433814216,204349.32075842816,118558.9219132516,4775.910009029319,146.35075310202544,2136.5867197757157,110327.64175286198,15525.603180387947,9475.351434689463,4018.202405252394,25020.433613495203,0.0,48192.401459765286,9604.085868216427,102683.73204500315,493.56148688314914,1736.473163391793,400.09947412386254,37492.05263449582,64042.7611012127
KS,43890.93276553165,95728.34153957322,743198.9984307232,316263.62289150705,34000.31038847883,4249.931704627512,40994.51737253172,4241.190477182198,70471.26598042769,3548.347815593843,10069.7258632551,10328.805400391813,321360.0310567243,91869.04443105214,26005.180872175937,292001.89819819207,19375.79334700039,939783.546413548,60558.02529091143,16875.052133246798,299953.98261341837,140177.96734350862,190185.34557329502,157189.6794989053,171871.76406598545,1382126.982760113,829323.6683494218,64262.56267350621,1489082.8825173806,279281.74557761266,113970.10029966646,95109.30814849085,194593.1896762807,2212.4428649959173,40958.124036642934,51087.840426957184,181078.92044982107,569310.1774612775,242249.13631343417,1144527.6454961814,48192.401459765286,0.0,292389.6471051794,263469.02789982484,10425.798076248278,61889.596150468824,12215.945605622112,687059.4906943059,192015.68809743613
IN,935939.6022181824,495593.4877930425,4905274.14667622,441801.7821278182,751460.6307169653,98625.89021764166,5485.803098279767,96132.84743489117,1120922.206196154,79038.06141024489,233685.6480668125,229170.8798648619,35485.793099006994,9199.951623081917,596469.8841857775,1256634.8129689395,2343.0146769054504,172681.97633502385,1405364.1176636338,2477.9872878880815,359257.89367912035,1040184.5914035694,807412.5403488101,16271.59285648648,3987938.5999910296,344841.6876631384,85091.96617426754,744760.6101582701,320551.02806492173,2163875.077580214,15904.129290229883,45792.87212592967,2690041.122329634,48789.45022262609,924657.7462415159,5282.299585089642,1823714.0739935117,634987.6177763797,536568.9792054471,1513960.3354986745,9604.085868216427,292389.6471051794,0.0,82872.20452918351,241608.55508282315,1226753.0877480272,269211.441907672,837483.5270598651,19785.52909908595
SD,11515.287931115194,11626.560046965462,208306.30303336045,512153.25241483253,9654.182986837128,1558.9162600203836,51147.5656322455,1862.7201065568925,14243.911245743227,1627.9976106360082,3689.6382484735245,2979.649744043228,58014.00916959934,47871.24960403547,8337.114692610348,221105.56200628175,20737.210283754408,542465.6281968263,20718.12271988524,25460.686439615347,29144.483954452666,20231.9337669171,24253.32207734116,86727.53080123418,54397.96949818593,130806.17532754684,305476.3347827326,10944.933553239687,133541.96962483556,46284.907257228944,132342.3809343122,317037.82068404363,40385.07956356046,1091.4989362623544,17221.60633345093,31748.550408779734,118878.1898639098,62915.234762743195,27274.005528329566,194025.27323893417,102683.73204500315,263469.02789982484,82872.20452918351,0.0,4012.1332025511324,14987.661116813797,3441.734600001205,322977.5415313755,52611.53581842628
MA,366856.88677662035,140013.42760495495,178807.46479403652,34204.23536311176,1489547.6626081541,2345067.0266403644,234.33285920812645,1958649.6158243474,675209.9449465827,1123197.1245851375,3637895.102749511,736786.9486491164,1286.9654880217652,331.1863760951344,3207409.039397365,103289.89503640252,96.37538832721742,6778.20959671805,2224249.553120697,116.70676009312957,23637.56097426315,202603.5417610469,79991.11662917574,596.4758582511545,714721.770984054,14953.762765223379,3081.8174690644537,262501.1597241174,12004.282934115106,161816.74847100233,656.1555314284225,3001.2444651204078,198123.79590937638,1038158.4583341636,4652952.8480966,194.51501090719898,314344.9745409619,28232.002752105487,36627.52318320477,54262.47479020792,493.56148688314914,10425.798076248278,241608.55508282315,4012.1332025511324,0.0,970447.7081204853,466277.4615229206,35819.449371988114,708.5774961513001
VA,2297364.422121689,1065823.1193824972,904194.4796497885,89297.00922759676,4021151.888761349,427111.4069818073,1013.6525291568258,313469.6357808275,5431660.059187878,226014.22497425665,958701.1730431162,1278109.2386348774,8962.87657764817,1973.4041158038171,2810290.7862426843,277619.39961971866,440.47607370055954,32195.152335846073,3949421.866899927,450.9103017519711,206908.82459942368,1771357.0834974397,708650.7394365083,3312.575828667954,2963597.649013492,120865.1018793715,17480.379585183062,2197123.449460203,84988.36231801737,1314677.0222220828,2948.972639170419,8596.65689719142,1427321.5938440263,150908.652298903,2367978.0484955665,1076.2218436866165,622503.4880944598,218664.7089148781,317114.06344936456,332307.1894871049,1736.473163391793,61889.596150468824,1226753.0877480272,14987.661116813797,970447.7081204853,0.0,1428026.616489799,151418.58590199758,4803.8624612202475
DC,498203.02361725504,182808.2466255872,194705.6043206704,23202.390966722982,1917364.9184553127,203766.49029206028,218.42278091987617,151301.7715256791,938400.0396727984,108324.48045826312,461384.4348104142,582767.0004770295,1656.80531347571,382.8673446289319,1346499.1793081027,73304.31980757129,92.96892114857258,6851.479124409316,1631409.4399900043,100.12757837584181,34832.31919391044,293392.7085498776,118291.08909976196,660.5053277588825,746108.4855323946,21124.730358384055,3477.166118673723,369184.5786036876,15705.507017217786,231462.62384914287,631.9945895566879,2134.2665411729067,268663.4103602204,72864.77555892826,1093132.6907194997,214.24483064890103,185064.12392150634,39104.3069008236,53759.62724660319,65566.90787054833,400.09947412386254,12215.945605622112,269211.441907672,3441.734600001205,466277.4615229206,1428026.616489799,0.0,34065.41418263837,894.4556343649264
IA,115851.5375779692,98742.78945555743,2105457.7549632145,1120068.9094808176,95361.19314731707,14176.640493500792,20776.000016216407,15698.446654760477,143752.25480856304,13465.894001590872,33655.44039170628,29274.407937616736,76353.60484209028,28247.132154432515,79731.62353069702,1390403.16408811,8686.771988722567,614935.8811306282,196049.46451040867,9610.494477876517,173896.25212972754,185892.96273961838,202366.6878741157,52319.192653156926,534557.8815250873,394777.31806090864,257227.7696276245,107297.18376632416,461104.8639496998,434824.581494948,59416.89096774683,161828.5607753255,403110.24955758237,8625.93164045199,149691.35707267717,17292.357503180774,831124.751442595,404416.8654994521,198382.00531117534,1498575.989261769,37492.05263449582,687059.4906943059,837483.5270598651,322977.5415313755,35819.449371988114,151418.58590199758,34065.41418263837,0.0,48625.91937245871
AZ,3212.7995812589083,15967.351162774137,49196.748343148436,33377.39124852954,2487.197322289041,292.25550400718924,181841.6973335522,281.36254657192944,6131.6257215958485,233.8455586739447,690.074366439981,756.8828625934855,1127996.6860838453,2330253.068861036,1839.4897318275023,21313.831972553755,182780.58814122752,134343.2235345027,4141.40052011794,96322.4841081713,63595.10577334851,16046.03270014581,23489.323447035764,1187928.2375894682,11664.106935151049,839781.1540446926,979335.9739118128,6358.636920128327,223734.3354227832,24634.357951820628,144991.01341902322,23552.43033567583,14963.692195904858,145.3127062435753,2714.626844763705,782680.2608647826,12358.633108276252,63972.41971769059,33605.85300064416,80310.69351858414,64042.7611012127,192015.68809743613,19785.52909908595,52611.53581842628,708.5774961513001,4803.8624612202475,894.4556343649264,48625.91937245871,0.0
